<?xml version="1.0" encoding="UTF-8" standalone="yes"?>
<addon id="repository.piotrekcrash" name="piotrekcrash repository" version="1.0.5" provider-name="piotrekcrash">
    <extension point="xbmc.addon.repository" name="piotrekcrash repository">
        <dir>
            <info compressed="false">https://raw.githubusercontent.com/piotrekcrash/kodi/master/resources/addons.xml</info>
            <checksum>https://raw.githubusercontent.com/piotrekcrash/kodi/master/resources/addons.xml.md5</checksum>
            <datadir zip="true">https://github.com/piotrekcrash/kodi/raw/master/resources/</datadir>
        </dir>
    </extension>
    <extension point="xbmc.addon.metadata">
        <summary>piotrekcrash Kodi Repository</summary>
        <summary lang="pl">Repozytorium piotrekcrash</summary>
        <summary lang="en">piotrekcrash repository</summary>
        <description>piotrekcrash repository</description>
        <disclaimer lang="pl">piotrekcrash repo</disclaimer>
        <platform>all</platform>
        <website>https://github.com/piotrekcrash/kodi</website>
        <email></email>
    </extension>
</addon>
